name,company,job title,department,job level,email,business phone,mobile phone,city
Michael Brown,Tech Solutions Co.,Managing Partner,General Management,C-Level,michael82@aceparking.com,(303) 366-6500,(914) 127-7981,Los Angeles
Emily Davis,Innovate Inc.,Software Engineer,Operations,Individual Contributor,emily80@aceparking.com,(608) 492-8656,(368) 217-2375,Los Angeles
Emily Davis,Bright Future Ltd.,Managing Partner,General Management,Manager,emily41@aceparking.com,(583) 535-3652,(887) 642-8743,Austin
Sarah Johnson,Tech Solutions Co.,Product Designer,Data Science,Manager,sarah59@innovate.com,(351) 452-2329,(526) 130-8140,Austin
Emily Davis,Global Dynamics,Data Analyst,IT,C-Level,emily48@aceparking.com,(710) 419-7532,(658) 102-5413,New York
Emily Davis,"Ace Parking Management, Inc.",Data Analyst,Data Science,Individual Contributor,emily56@globaldynamics.com,(662) 876-3216,(952) 100-8014,New York
Emily Davis,"Ace Parking Management, Inc.",Product Designer,Data Science,C-Level,emily36@techsolutions.com,(284) 297-5770,(780) 510-4794,San Diego
John Smith,"Ace Parking Management, Inc.",Data Analyst,General Management,C-Level,john38@brightfuture.com,(913) 274-9478,(343) 623-2607,New York
Emily Davis,Global Dynamics,Product Designer,Design,C-Level,emily84@globaldynamics.com,(699) 722-2081,(309) 867-7744,Los Angeles
Michael Brown,Tech Solutions Co.,Project Manager,Operations,Manager,michael39@techsolutions.com,(690) 236-2055,(586) 451-4713,Austin
Keith Jones,Tech Solutions Co.,Project Manager,Operations,Individual Contributor,keith64@aceparking.com,(862) 919-4821,(921) 769-8910,San Diego
Michael Brown,Tech Solutions Co.,Project Manager,Data Science,C-Level,michael64@aceparking.com,(340) 502-6602,(694) 186-5505,San Diego
Keith Jones,Bright Future Ltd.,Product Designer,IT,Individual Contributor,keith8@techsolutions.com,(787) 380-3912,(935) 699-9243,Austin
John Smith,"Ace Parking Management, Inc.",Data Analyst,IT,Manager,john23@techsolutions.com,(968) 385-1494,(994) 693-6462,Austin
Keith Jones,"Ace Parking Management, Inc.",Product Designer,Design,Manager,keith9@innovate.com,(678) 487-3762,(942) 452-2711,Austin
Keith Jones,Innovate Inc.,Data Analyst,IT,Individual Contributor,keith16@techsolutions.com,(495) 929-8572,(534) 395-7591,Los Angeles
Michael Brown,Innovate Inc.,Software Engineer,Operations,Manager,michael19@aceparking.com,(584) 712-4184,(690) 793-6697,San Francisco
John Smith,"Ace Parking Management, Inc.",Managing Partner,Design,Individual Contributor,john84@aceparking.com,(575) 829-2510,(339) 302-3215,Los Angeles
Emily Davis,Innovate Inc.,Project Manager,IT,Individual Contributor,emily6@aceparking.com,(264) 816-1948,(452) 684-1282,Austin
John Smith,"Ace Parking Management, Inc.",Project Manager,Design,Manager,john66@globaldynamics.com,(683) 155-7943,(854) 450-7769,San Diego
John Smith,Innovate Inc.,Product Designer,Data Science,C-Level,john12@aceparking.com,(431) 812-9496,(956) 251-8834,Austin
Sarah Johnson,Tech Solutions Co.,Software Engineer,Data Science,C-Level,sarah60@brightfuture.com,(261) 744-6354,(798) 430-8850,New York
John Smith,Innovate Inc.,Product Designer,General Management,Individual Contributor,john92@brightfuture.com,(397) 395-3250,(774) 687-5491,Austin
Michael Brown,"Ace Parking Management, Inc.",Project Manager,Operations,C-Level,michael17@innovate.com,(242) 619-6170,(478) 903-2050,San Francisco
John Smith,Tech Solutions Co.,Project Manager,General Management,C-Level,john91@brightfuture.com,(514) 942-8626,(772) 624-4322,San Francisco
Keith Jones,Bright Future Ltd.,Data Analyst,Operations,C-Level,keith93@techsolutions.com,(702) 259-2665,(298) 657-1798,Los Angeles
Keith Jones,Tech Solutions Co.,Data Analyst,General Management,Individual Contributor,keith54@brightfuture.com,(708) 531-4576,(379) 910-1546,Los Angeles
Keith Jones,Bright Future Ltd.,Software Engineer,Data Science,C-Level,keith28@brightfuture.com,(234) 374-6988,(718) 191-2883,Austin
Michael Brown,Global Dynamics,Data Analyst,Design,C-Level,michael23@brightfuture.com,(229) 928-5772,(395) 294-9636,New York
Sarah Johnson,Bright Future Ltd.,Managing Partner,Data Science,Manager,sarah3@brightfuture.com,(557) 980-3434,(726) 518-7030,Austin
Emily Davis,Bright Future Ltd.,Project Manager,General Management,Manager,emily26@globaldynamics.com,(681) 435-3425,(872) 105-5526,San Francisco
Michael Brown,"Ace Parking Management, Inc.",Data Analyst,Design,C-Level,michael48@aceparking.com,(655) 436-6135,(459) 662-9015,San Francisco
John Smith,Innovate Inc.,Product Designer,General Management,C-Level,john97@globaldynamics.com,(578) 688-4250,(377) 871-3844,San Diego
Emily Davis,Tech Solutions Co.,Data Analyst,IT,Manager,emily76@globaldynamics.com,(448) 722-4374,(263) 822-5555,Los Angeles
Emily Davis,Bright Future Ltd.,Data Analyst,IT,Manager,emily39@techsolutions.com,(596) 480-8968,(301) 788-4080,San Diego
Keith Jones,Innovate Inc.,Product Designer,IT,C-Level,keith36@innovate.com,(202) 554-7977,(975) 634-9112,New York
Emily Davis,Global Dynamics,Project Manager,IT,Individual Contributor,emily37@innovate.com,(985) 561-7450,(532) 196-8565,Los Angeles
Keith Jones,"Ace Parking Management, Inc.",Data Analyst,General Management,Individual Contributor,keith52@globaldynamics.com,(311) 152-7220,(958) 290-4491,New York
Emily Davis,"Ace Parking Management, Inc.",Managing Partner,Design,Individual Contributor,emily89@brightfuture.com,(634) 546-9719,(496) 117-5051,Austin
Michael Brown,Tech Solutions Co.,Data Analyst,Design,Manager,michael18@globaldynamics.com,(967) 417-9954,(585) 268-6717,New York
Michael Brown,Global Dynamics,Software Engineer,Data Science,Individual Contributor,michael37@innovate.com,(472) 435-6562,(728) 425-8387,Los Angeles
Keith Jones,"Ace Parking Management, Inc.",Project Manager,Operations,Manager,keith17@brightfuture.com,(961) 764-1954,(927) 869-8131,New York
John Smith,Bright Future Ltd.,Software Engineer,Design,C-Level,john88@techsolutions.com,(990) 348-2012,(503) 686-3575,San Francisco
John Smith,Innovate Inc.,Software Engineer,Design,Manager,john4@brightfuture.com,(554) 254-6051,(416) 279-3894,San Francisco
Sarah Johnson,Global Dynamics,Project Manager,Data Science,Manager,sarah26@innovate.com,(435) 328-5749,(512) 111-3040,New York
John Smith,Innovate Inc.,Managing Partner,Operations,C-Level,john51@brightfuture.com,(709) 388-1730,(258) 445-4006,San Diego
Sarah Johnson,"Ace Parking Management, Inc.",Project Manager,Data Science,C-Level,sarah1@aceparking.com,(883) 867-8948,(554) 968-3165,New York
Sarah Johnson,Tech Solutions Co.,Project Manager,General Management,Individual Contributor,sarah25@techsolutions.com,(444) 750-1962,(313) 204-1049,San Diego
Emily Davis,Tech Solutions Co.,Data Analyst,Operations,Individual Contributor,emily100@brightfuture.com,(717) 812-3074,(232) 184-5944,Austin
John Smith,Global Dynamics,Product Designer,Design,Manager,john97@techsolutions.com,(466) 582-6334,(555) 212-3224,San Francisco
Michael Brown,Innovate Inc.,Project Manager,General Management,C-Level,michael1@aceparking.com,(223) 681-4054,(903) 782-6658,Austin
Emily Davis,Bright Future Ltd.,Managing Partner,Data Science,Manager,emily18@globaldynamics.com,(641) 330-4051,(509) 397-9204,San Francisco
Keith Jones,Innovate Inc.,Managing Partner,Operations,C-Level,keith47@globaldynamics.com,(630) 343-4620,(844) 840-6848,Austin
Keith Jones,Global Dynamics,Data Analyst,Data Science,Individual Contributor,keith83@aceparking.com,(872) 572-2111,(626) 329-7237,San Diego
Emily Davis,Innovate Inc.,Project Manager,IT,Individual Contributor,emily32@brightfuture.com,(808) 409-1707,(330) 563-3006,Austin
Keith Jones,"Ace Parking Management, Inc.",Software Engineer,IT,C-Level,keith46@globaldynamics.com,(462) 516-4519,(381) 988-1353,New York
Emily Davis,Bright Future Ltd.,Data Analyst,IT,C-Level,emily47@brightfuture.com,(966) 334-7533,(948) 195-8232,Austin
Sarah Johnson,Global Dynamics,Product Designer,General Management,Manager,sarah38@globaldynamics.com,(977) 518-3868,(276) 294-4125,New York
Emily Davis,"Ace Parking Management, Inc.",Product Designer,Operations,Individual Contributor,emily16@brightfuture.com,(562) 496-6515,(947) 942-4176,Austin
Michael Brown,Bright Future Ltd.,Software Engineer,Design,C-Level,michael88@techsolutions.com,(717) 152-2542,(678) 771-2829,New York
Sarah Johnson,Bright Future Ltd.,Data Analyst,General Management,Manager,sarah49@techsolutions.com,(283) 590-9515,(279) 483-2916,New York
Michael Brown,Innovate Inc.,Data Analyst,Data Science,Manager,michael40@brightfuture.com,(308) 225-4256,(952) 243-5464,Austin
John Smith,Global Dynamics,Product Designer,Operations,Individual Contributor,john16@innovate.com,(724) 982-3854,(841) 949-1632,Los Angeles
Michael Brown,Innovate Inc.,Software Engineer,Data Science,C-Level,michael59@aceparking.com,(952) 905-8509,(650) 679-6045,San Francisco
John Smith,Innovate Inc.,Software Engineer,IT,Manager,john7@brightfuture.com,(358) 949-5937,(343) 663-9239,New York
John Smith,Tech Solutions Co.,Managing Partner,IT,Manager,john58@innovate.com,(971) 931-9854,(565) 425-5238,San Francisco
Sarah Johnson,Bright Future Ltd.,Software Engineer,Design,C-Level,sarah44@innovate.com,(215) 543-7539,(357) 809-1887,San Francisco
Michael Brown,Innovate Inc.,Project Manager,Operations,Manager,michael76@techsolutions.com,(690) 767-3620,(528) 753-5282,San Francisco
Michael Brown,Innovate Inc.,Data Analyst,Design,Manager,michael53@techsolutions.com,(590) 155-1245,(456) 850-5610,New York
Michael Brown,Bright Future Ltd.,Data Analyst,IT,C-Level,michael39@brightfuture.com,(580) 188-8836,(488) 331-9672,New York
John Smith,Global Dynamics,Data Analyst,Design,Manager,john98@brightfuture.com,(929) 972-2229,(626) 344-1959,San Francisco
Keith Jones,Bright Future Ltd.,Managing Partner,General Management,C-Level,keith64@globaldynamics.com,(689) 239-1755,(613) 690-7025,Austin
John Smith,Tech Solutions Co.,Project Manager,Data Science,Manager,john25@innovate.com,(573) 491-9864,(948) 105-3385,San Diego
Keith Jones,Bright Future Ltd.,Managing Partner,IT,C-Level,keith61@innovate.com,(901) 712-6192,(479) 347-2604,Los Angeles
John Smith,Bright Future Ltd.,Project Manager,IT,Manager,john67@innovate.com,(743) 409-5594,(464) 476-3559,Los Angeles
Michael Brown,Innovate Inc.,Data Analyst,Operations,C-Level,michael31@innovate.com,(967) 928-4105,(899) 236-2251,Austin
John Smith,Tech Solutions Co.,Managing Partner,General Management,Manager,john72@globaldynamics.com,(605) 503-6486,(881) 960-2212,Los Angeles
Emily Davis,Global Dynamics,Project Manager,Operations,Manager,emily69@aceparking.com,(417) 610-5206,(243) 771-9043,San Francisco
Michael Brown,Global Dynamics,Managing Partner,Design,Individual Contributor,michael42@innovate.com,(845) 359-6397,(374) 198-4761,Los Angeles
John Smith,Tech Solutions Co.,Data Analyst,Operations,Individual Contributor,john56@brightfuture.com,(752) 175-1857,(241) 878-9236,San Diego
Emily Davis,Tech Solutions Co.,Managing Partner,General Management,Manager,emily92@brightfuture.com,(713) 161-7360,(917) 761-2069,New York
Emily Davis,Global Dynamics,Project Manager,Design,Manager,emily45@brightfuture.com,(658) 949-7438,(892) 632-6529,Austin
Emily Davis,"Ace Parking Management, Inc.",Data Analyst,Data Science,Manager,emily69@globaldynamics.com,(463) 412-8257,(857) 557-1170,New York
Keith Jones,Tech Solutions Co.,Project Manager,Operations,Individual Contributor,keith62@globaldynamics.com,(721) 314-7726,(292) 402-4586,New York
John Smith,Tech Solutions Co.,Data Analyst,Design,Individual Contributor,john82@techsolutions.com,(644) 192-5308,(971) 754-4990,Austin
Michael Brown,Innovate Inc.,Product Designer,Data Science,Manager,michael20@brightfuture.com,(764) 643-6445,(866) 677-1355,San Diego
Sarah Johnson,"Ace Parking Management, Inc.",Product Designer,Design,Manager,sarah63@globaldynamics.com,(399) 230-8851,(720) 294-1842,San Francisco
Keith Jones,Global Dynamics,Project Manager,Data Science,Manager,keith84@aceparking.com,(348) 337-9843,(305) 464-2260,Austin
John Smith,"Ace Parking Management, Inc.",Software Engineer,Operations,C-Level,john52@globaldynamics.com,(869) 494-5988,(905) 515-6875,San Diego
John Smith,Bright Future Ltd.,Product Designer,Design,Individual Contributor,john99@globaldynamics.com,(402) 930-3342,(992) 467-3067,San Diego
Keith Jones,Tech Solutions Co.,Product Designer,General Management,Manager,keith97@aceparking.com,(888) 132-7907,(257) 580-8195,Austin
Emily Davis,"Ace Parking Management, Inc.",Software Engineer,Data Science,Individual Contributor,emily72@globaldynamics.com,(921) 583-9562,(742) 530-8914,New York
John Smith,Innovate Inc.,Managing Partner,IT,Manager,john14@techsolutions.com,(978) 960-5107,(905) 139-9537,Austin
Michael Brown,Tech Solutions Co.,Managing Partner,IT,Manager,michael63@brightfuture.com,(856) 955-1017,(499) 810-3656,Los Angeles
Michael Brown,Tech Solutions Co.,Managing Partner,Data Science,Individual Contributor,michael53@aceparking.com,(755) 820-9787,(239) 642-6831,San Francisco
Emily Davis,Global Dynamics,Software Engineer,IT,Manager,emily42@brightfuture.com,(374) 561-6250,(643) 312-1808,Los Angeles
Sarah Johnson,Innovate Inc.,Product Designer,General Management,Manager,sarah96@brightfuture.com,(996) 351-5551,(549) 241-7214,San Francisco
Michael Brown,Tech Solutions Co.,Project Manager,IT,Individual Contributor,michael83@globaldynamics.com,(811) 597-9856,(559) 841-1080,New York
Emily Davis,Bright Future Ltd.,Product Designer,IT,C-Level,emily7@globaldynamics.com,(943) 266-9351,(378) 590-1046,Los Angeles
John Smith,Innovate Inc.,Software Engineer,IT,Manager,john29@aceparking.com,(882) 148-5333,(975) 526-4304,Los Angeles
Michael Brown,"Ace Parking Management, Inc.",Data Analyst,Data Science,C-Level,michael55@techsolutions.com,(603) 926-9597,(555) 618-2529,Los Angeles
John Smith,Bright Future Ltd.,Project Manager,IT,Individual Contributor,john14@brightfuture.com,(937) 405-6782,(222) 614-2269,Los Angeles
Emily Davis,Global Dynamics,Data Analyst,Data Science,C-Level,emily75@innovate.com,(887) 912-6898,(732) 924-5976,Los Angeles
Emily Davis,Bright Future Ltd.,Project Manager,General Management,Manager,emily1@techsolutions.com,(564) 764-6157,(508) 432-6315,Austin
Emily Davis,Innovate Inc.,Data Analyst,Operations,C-Level,emily55@aceparking.com,(684) 501-9249,(412) 610-1323,New York
Keith Jones,Innovate Inc.,Project Manager,Data Science,Individual Contributor,keith29@innovate.com,(539) 572-7893,(891) 457-9919,San Francisco
Michael Brown,Tech Solutions Co.,Software Engineer,Operations,Manager,michael76@aceparking.com,(266) 373-3996,(272) 995-4666,New York
Emily Davis,Innovate Inc.,Data Analyst,Data Science,Manager,emily30@techsolutions.com,(835) 673-7421,(284) 762-3823,San Francisco
Michael Brown,Global Dynamics,Software Engineer,IT,C-Level,michael46@globaldynamics.com,(224) 579-7522,(401) 914-7344,Austin
Sarah Johnson,Innovate Inc.,Project Manager,IT,Individual Contributor,sarah4@globaldynamics.com,(651) 376-6659,(587) 295-6612,San Diego
John Smith,Innovate Inc.,Product Designer,Data Science,Manager,john57@techsolutions.com,(717) 371-4024,(691) 791-5018,Los Angeles
Michael Brown,Global Dynamics,Data Analyst,IT,C-Level,michael48@aceparking.com,(606) 276-4288,(806) 521-9279,Austin
Sarah Johnson,Bright Future Ltd.,Project Manager,Operations,C-Level,sarah61@globaldynamics.com,(449) 211-4441,(457) 276-5902,San Diego
Keith Jones,Innovate Inc.,Software Engineer,Design,Manager,keith78@innovate.com,(403) 667-5289,(290) 394-6738,Austin
Emily Davis,"Ace Parking Management, Inc.",Product Designer,Design,C-Level,emily90@brightfuture.com,(569) 128-8487,(652) 965-5379,San Francisco
Michael Brown,Bright Future Ltd.,Managing Partner,Operations,Individual Contributor,michael100@techsolutions.com,(511) 678-2683,(885) 598-2438,Los Angeles
Keith Jones,Bright Future Ltd.,Managing Partner,General Management,Individual Contributor,keith49@techsolutions.com,(370) 341-9976,(365) 309-8565,Los Angeles
Emily Davis,"Ace Parking Management, Inc.",Project Manager,IT,C-Level,emily79@aceparking.com,(795) 352-8004,(582) 367-5021,New York
Emily Davis,Bright Future Ltd.,Data Analyst,Operations,Manager,emily9@brightfuture.com,(707) 619-2017,(579) 553-6966,Austin
Emily Davis,Global Dynamics,Software Engineer,Data Science,Individual Contributor,emily96@aceparking.com,(505) 642-7731,(278) 710-4645,San Francisco
Michael Brown,Bright Future Ltd.,Managing Partner,Data Science,C-Level,michael93@globaldynamics.com,(361) 555-9395,(610) 237-6434,Austin
Emily Davis,Bright Future Ltd.,Software Engineer,Data Science,Individual Contributor,emily25@innovate.com,(477) 345-4363,(639) 799-7550,New York
Sarah Johnson,"Ace Parking Management, Inc.",Managing Partner,General Management,Manager,sarah54@aceparking.com,(847) 179-1834,(524) 414-6800,San Diego
Emily Davis,Bright Future Ltd.,Software Engineer,General Management,Manager,emily71@innovate.com,(802) 828-8784,(420) 122-6192,San Diego
Sarah Johnson,Bright Future Ltd.,Product Designer,Data Science,Individual Contributor,sarah75@innovate.com,(249) 901-7311,(225) 818-3282,Austin
Emily Davis,Tech Solutions Co.,Software Engineer,IT,Individual Contributor,emily89@brightfuture.com,(669) 671-1165,(812) 917-3364,Los Angeles
John Smith,Innovate Inc.,Product Designer,IT,Individual Contributor,john24@aceparking.com,(479) 482-1954,(875) 263-4011,New York
Michael Brown,Bright Future Ltd.,Managing Partner,General Management,Individual Contributor,michael58@aceparking.com,(272) 675-1509,(714) 638-5029,San Francisco
John Smith,Tech Solutions Co.,Product Designer,Design,Individual Contributor,john96@globaldynamics.com,(918) 944-1507,(486) 902-3036,San Francisco
Sarah Johnson,Bright Future Ltd.,Product Designer,Data Science,C-Level,sarah83@aceparking.com,(940) 332-1622,(887) 965-7684,New York
Michael Brown,Tech Solutions Co.,Software Engineer,IT,Manager,michael67@innovate.com,(842) 873-4943,(887) 414-6945,San Francisco
Keith Jones,Tech Solutions Co.,Project Manager,Data Science,Individual Contributor,keith60@techsolutions.com,(317) 767-6194,(502) 761-4884,Los Angeles
Keith Jones,Tech Solutions Co.,Project Manager,IT,C-Level,keith12@aceparking.com,(383) 811-4344,(576) 107-8271,San Francisco
Sarah Johnson,Bright Future Ltd.,Product Designer,Operations,Manager,sarah9@aceparking.com,(935) 314-6203,(970) 439-7247,Austin
Sarah Johnson,Tech Solutions Co.,Product Designer,Data Science,Manager,sarah18@brightfuture.com,(222) 875-5514,(360) 424-5802,Austin
Keith Jones,Bright Future Ltd.,Project Manager,General Management,Manager,keith11@innovate.com,(322) 592-2742,(201) 959-5883,New York
Michael Brown,Bright Future Ltd.,Data Analyst,Operations,Manager,michael13@globaldynamics.com,(828) 524-3521,(925) 490-6191,San Francisco
John Smith,Bright Future Ltd.,Software Engineer,Design,Manager,john83@techsolutions.com,(516) 549-4733,(794) 287-8995,New York
Emily Davis,Tech Solutions Co.,Product Designer,General Management,C-Level,emily14@brightfuture.com,(390) 712-7654,(779) 611-6174,Austin
John Smith,Innovate Inc.,Data Analyst,Operations,C-Level,john58@innovate.com,(753) 357-4647,(837) 611-5461,New York
John Smith,Innovate Inc.,Product Designer,Operations,Manager,john99@aceparking.com,(716) 797-9842,(942) 653-7921,San Diego
Sarah Johnson,Bright Future Ltd.,Managing Partner,General Management,C-Level,sarah64@brightfuture.com,(510) 808-1993,(653) 570-1133,Los Angeles
John Smith,Innovate Inc.,Software Engineer,Operations,Manager,john52@techsolutions.com,(397) 690-4574,(664) 257-1425,Austin
John Smith,Tech Solutions Co.,Project Manager,Data Science,C-Level,john13@innovate.com,(248) 502-5776,(302) 927-3693,San Francisco
Keith Jones,Tech Solutions Co.,Data Analyst,IT,C-Level,keith69@aceparking.com,(959) 306-4075,(986) 841-1823,San Francisco
Keith Jones,"Ace Parking Management, Inc.",Project Manager,Data Science,C-Level,keith41@globaldynamics.com,(403) 665-4239,(637) 663-2906,Los Angeles
Michael Brown,Tech Solutions Co.,Product Designer,Design,C-Level,michael57@techsolutions.com,(302) 807-1931,(419) 577-3329,New York
John Smith,Innovate Inc.,Project Manager,General Management,Individual Contributor,john23@techsolutions.com,(948) 147-5870,(227) 296-6962,New York
John Smith,Bright Future Ltd.,Project Manager,Data Science,Manager,john15@innovate.com,(895) 245-1191,(531) 904-5238,San Francisco
Michael Brown,Innovate Inc.,Data Analyst,General Management,C-Level,michael88@globaldynamics.com,(420) 544-1252,(871) 353-4520,New York
Michael Brown,Tech Solutions Co.,Product Designer,General Management,Individual Contributor,michael48@brightfuture.com,(467) 245-4760,(255) 218-1234,New York
Michael Brown,Innovate Inc.,Software Engineer,Operations,Manager,michael14@globaldynamics.com,(277) 558-7329,(577) 458-6377,Los Angeles
Sarah Johnson,Innovate Inc.,Project Manager,IT,Individual Contributor,sarah83@techsolutions.com,(419) 809-4537,(785) 503-1572,San Francisco
Michael Brown,"Ace Parking Management, Inc.",Product Designer,Design,Manager,michael24@techsolutions.com,(358) 705-6374,(854) 602-2465,Austin
Keith Jones,Global Dynamics,Product Designer,IT,C-Level,keith86@aceparking.com,(327) 977-9094,(704) 854-1377,New York
Michael Brown,"Ace Parking Management, Inc.",Project Manager,Data Science,C-Level,michael45@techsolutions.com,(518) 887-7833,(534) 515-6393,San Diego
Keith Jones,Global Dynamics,Project Manager,Operations,Individual Contributor,keith16@innovate.com,(688) 261-6397,(737) 651-7383,San Francisco
John Smith,Innovate Inc.,Data Analyst,Data Science,C-Level,john41@aceparking.com,(536) 807-4300,(230) 275-1437,San Diego
Sarah Johnson,"Ace Parking Management, Inc.",Project Manager,IT,Individual Contributor,sarah61@techsolutions.com,(382) 135-4257,(348) 167-8269,Los Angeles
Emily Davis,Innovate Inc.,Software Engineer,Data Science,Manager,emily13@techsolutions.com,(980) 161-6934,(737) 620-6526,San Diego
Sarah Johnson,"Ace Parking Management, Inc.",Managing Partner,Design,Manager,sarah15@innovate.com,(801) 223-1516,(269) 624-1627,Austin
Emily Davis,"Ace Parking Management, Inc.",Project Manager,General Management,Individual Contributor,emily58@brightfuture.com,(763) 848-2017,(397) 711-4482,New York
Emily Davis,Bright Future Ltd.,Managing Partner,Operations,C-Level,emily91@brightfuture.com,(728) 451-4757,(978) 668-5715,Austin
Emily Davis,Bright Future Ltd.,Project Manager,Design,C-Level,emily49@techsolutions.com,(217) 955-6544,(992) 197-6699,San Diego
Emily Davis,Tech Solutions Co.,Project Manager,General Management,C-Level,emily88@globaldynamics.com,(804) 483-3978,(690) 924-4386,New York
Keith Jones,Bright Future Ltd.,Product Designer,Data Science,Individual Contributor,keith61@brightfuture.com,(210) 128-2898,(377) 326-5620,San Diego
Keith Jones,Tech Solutions Co.,Product Designer,Design,Manager,keith86@innovate.com,(706) 880-1214,(351) 262-5100,San Francisco
Sarah Johnson,Bright Future Ltd.,Project Manager,General Management,C-Level,sarah94@aceparking.com,(731) 180-2944,(595) 206-9651,Los Angeles
Emily Davis,Global Dynamics,Software Engineer,Data Science,Individual Contributor,emily22@brightfuture.com,(896) 398-7660,(746) 801-8666,San Diego
Sarah Johnson,Tech Solutions Co.,Data Analyst,IT,C-Level,sarah2@brightfuture.com,(313) 619-8449,(395) 598-3295,San Diego
Emily Davis,"Ace Parking Management, Inc.",Project Manager,Design,Manager,emily76@innovate.com,(540) 324-1878,(222) 445-3770,New York
Sarah Johnson,Tech Solutions Co.,Software Engineer,General Management,C-Level,sarah63@techsolutions.com,(805) 164-1248,(811) 616-1553,Los Angeles
John Smith,Innovate Inc.,Project Manager,Design,C-Level,john57@techsolutions.com,(727) 839-9900,(496) 641-9673,New York
John Smith,Tech Solutions Co.,Software Engineer,Operations,Manager,john27@techsolutions.com,(549) 901-5992,(977) 925-8367,San Francisco
Keith Jones,Bright Future Ltd.,Data Analyst,General Management,C-Level,keith42@aceparking.com,(495) 948-7304,(926) 406-6704,San Diego
Sarah Johnson,"Ace Parking Management, Inc.",Product Designer,Data Science,Manager,sarah11@brightfuture.com,(709) 682-5983,(829) 985-2894,New York
John Smith,Global Dynamics,Managing Partner,IT,Individual Contributor,john72@globaldynamics.com,(637) 508-2137,(868) 473-6062,San Francisco
Keith Jones,Global Dynamics,Project Manager,General Management,Manager,keith61@brightfuture.com,(561) 670-6775,(974) 290-7185,New York
Sarah Johnson,"Ace Parking Management, Inc.",Software Engineer,IT,Individual Contributor,sarah32@brightfuture.com,(861) 706-5680,(545) 538-9768,San Diego
Michael Brown,Global Dynamics,Product Designer,Data Science,Manager,michael25@globaldynamics.com,(280) 684-7684,(776) 207-2393,San Francisco
Keith Jones,"Ace Parking Management, Inc.",Project Manager,General Management,C-Level,keith67@aceparking.com,(494) 825-8697,(321) 811-1238,Los Angeles
Sarah Johnson,Global Dynamics,Product Designer,Design,C-Level,sarah33@brightfuture.com,(765) 979-6436,(422) 159-8480,San Francisco
Michael Brown,Innovate Inc.,Data Analyst,Design,C-Level,michael98@techsolutions.com,(937) 993-2446,(444) 265-7355,New York
Michael Brown,"Ace Parking Management, Inc.",Project Manager,IT,Manager,michael47@aceparking.com,(722) 609-1677,(845) 266-4857,New York
Emily Davis,Bright Future Ltd.,Managing Partner,Operations,Individual Contributor,emily36@globaldynamics.com,(453) 642-5886,(859) 694-3418,San Diego
John Smith,Global Dynamics,Managing Partner,Data Science,C-Level,john7@globaldynamics.com,(611) 467-4474,(656) 627-4417,San Diego
Emily Davis,Tech Solutions Co.,Managing Partner,General Management,Manager,emily51@aceparking.com,(248) 474-6283,(312) 958-6725,San Francisco
Sarah Johnson,"Ace Parking Management, Inc.",Product Designer,Operations,C-Level,sarah76@innovate.com,(391) 809-9148,(299) 765-9632,Los Angeles
Sarah Johnson,Bright Future Ltd.,Product Designer,Operations,Manager,sarah99@innovate.com,(710) 602-1556,(673) 651-3621,New York
Keith Jones,"Ace Parking Management, Inc.",Software Engineer,Design,Manager,keith10@brightfuture.com,(570) 353-5732,(549) 968-8936,New York
Sarah Johnson,Innovate Inc.,Software Engineer,Data Science,Manager,sarah73@innovate.com,(375) 271-6008,(845) 354-4350,New York
Michael Brown,"Ace Parking Management, Inc.",Project Manager,General Management,Individual Contributor,michael86@techsolutions.com,(501) 852-1318,(682) 990-6315,San Diego
Keith Jones,Tech Solutions Co.,Project Manager,IT,Manager,keith87@techsolutions.com,(276) 507-7033,(907) 963-1647,Austin
John Smith,"Ace Parking Management, Inc.",Data Analyst,Design,Manager,john44@techsolutions.com,(534) 579-1433,(367) 471-7787,Los Angeles
Emily Davis,Innovate Inc.,Managing Partner,Design,Individual Contributor,emily57@globaldynamics.com,(471) 243-3550,(862) 283-3813,San Diego
Sarah Johnson,"Ace Parking Management, Inc.",Data Analyst,Operations,C-Level,sarah2@brightfuture.com,(831) 443-6492,(250) 191-1647,New York
John Smith,Bright Future Ltd.,Data Analyst,General Management,C-Level,john32@brightfuture.com,(300) 194-8674,(739) 420-4366,San Francisco
Sarah Johnson,Tech Solutions Co.,Managing Partner,Operations,C-Level,sarah29@globaldynamics.com,(761) 140-4504,(926) 267-7656,Los Angeles
Michael Brown,Tech Solutions Co.,Project Manager,Operations,C-Level,michael80@brightfuture.com,(889) 579-3889,(574) 585-4469,San Diego
John Smith,"Ace Parking Management, Inc.",Managing Partner,IT,Manager,john28@techsolutions.com,(930) 151-2378,(578) 705-4429,Austin
John Smith,Innovate Inc.,Software Engineer,Operations,Individual Contributor,john89@innovate.com,(393) 761-8529,(210) 590-3930,San Francisco
Sarah Johnson,Global Dynamics,Managing Partner,IT,Individual Contributor,sarah85@globaldynamics.com,(212) 156-5612,(602) 311-1647,Los Angeles
Michael Brown,Tech Solutions Co.,Software Engineer,IT,Manager,michael44@globaldynamics.com,(747) 160-9362,(205) 331-4185,Austin
John Smith,Tech Solutions Co.,Product Designer,IT,C-Level,john69@brightfuture.com,(243) 420-5703,(210) 657-3159,San Francisco
Keith Jones,Bright Future Ltd.,Managing Partner,IT,Individual Contributor,keith8@techsolutions.com,(471) 187-2979,(404) 902-1340,San Diego
Michael Brown,Innovate Inc.,Data Analyst,Design,C-Level,michael84@aceparking.com,(923) 117-8557,(227) 986-4173,Los Angeles
Keith Jones,Innovate Inc.,Managing Partner,Operations,Manager,keith6@brightfuture.com,(834) 547-9783,(869) 393-5385,Austin
Emily Davis,Innovate Inc.,Data Analyst,General Management,Individual Contributor,emily32@brightfuture.com,(500) 599-5037,(492) 851-7806,San Francisco
Michael Brown,"Ace Parking Management, Inc.",Product Designer,Operations,C-Level,michael100@techsolutions.com,(294) 484-4261,(780) 978-1156,Los Angeles
John Smith,Tech Solutions Co.,Project Manager,General Management,Manager,john9@techsolutions.com,(911) 861-5926,(299) 699-5360,Austin
Michael Brown,Innovate Inc.,Software Engineer,Data Science,Individual Contributor,michael14@innovate.com,(792) 481-8193,(743) 414-1303,Los Angeles
Michael Brown,"Ace Parking Management, Inc.",Project Manager,Data Science,C-Level,michael13@aceparking.com,(565) 159-5499,(947) 351-1008,San Francisco
Keith Jones,Innovate Inc.,Project Manager,Design,Individual Contributor,keith36@globaldynamics.com,(378) 382-7885,(384) 997-9726,Austin
Keith Jones,Tech Solutions Co.,Project Manager,Data Science,C-Level,keith5@techsolutions.com,(740) 853-6795,(511) 325-3574,San Francisco
Sarah Johnson,Global Dynamics,Project Manager,Operations,C-Level,sarah84@techsolutions.com,(375) 179-5816,(970) 852-4270,San Francisco
Michael Brown,Bright Future Ltd.,Managing Partner,General Management,Manager,michael93@innovate.com,(248) 651-1649,(508) 891-1317,New York
Michael Brown,Global Dynamics,Managing Partner,IT,Individual Contributor,michael27@globaldynamics.com,(890) 866-7799,(455) 236-8228,Austin
John Smith,Bright Future Ltd.,Managing Partner,General Management,Individual Contributor,john80@brightfuture.com,(444) 240-7083,(929) 415-2811,San Francisco
Emily Davis,Innovate Inc.,Managing Partner,Design,C-Level,emily79@globaldynamics.com,(346) 335-8364,(587) 212-9554,San Diego
Michael Brown,"Ace Parking Management, Inc.",Managing Partner,Data Science,Manager,michael91@techsolutions.com,(353) 227-4156,(448) 537-3162,San Diego
Emily Davis,Innovate Inc.,Data Analyst,Operations,C-Level,emily65@techsolutions.com,(940) 155-3239,(925) 337-2292,San Francisco
John Smith,Innovate Inc.,Software Engineer,General Management,C-Level,john12@globaldynamics.com,(501) 782-6627,(920) 177-9413,New York
Emily Davis,Bright Future Ltd.,Software Engineer,Operations,Individual Contributor,emily89@aceparking.com,(564) 187-6440,(291) 297-4438,San Diego
John Smith,Global Dynamics,Project Manager,Design,Manager,john67@brightfuture.com,(954) 628-9223,(794) 413-2226,San Diego
John Smith,"Ace Parking Management, Inc.",Product Designer,Design,C-Level,john91@aceparking.com,(668) 910-2950,(882) 882-2271,San Francisco
Emily Davis,Tech Solutions Co.,Managing Partner,Data Science,Manager,emily27@brightfuture.com,(784) 842-1121,(993) 859-5369,Los Angeles
Emily Davis,Innovate Inc.,Project Manager,General Management,Manager,emily24@aceparking.com,(690) 756-9792,(684) 623-8160,Los Angeles
Emily Davis,Global Dynamics,Data Analyst,General Management,Manager,emily35@innovate.com,(257) 948-4830,(231) 814-9814,New York
Michael Brown,"Ace Parking Management, Inc.",Product Designer,Operations,C-Level,michael33@brightfuture.com,(395) 686-8151,(750) 813-5983,New York
Michael Brown,Global Dynamics,Product Designer,Design,Individual Contributor,michael15@globaldynamics.com,(704) 979-6016,(930) 311-5586,San Francisco
Emily Davis,Bright Future Ltd.,Project Manager,Data Science,C-Level,emily62@brightfuture.com,(507) 710-9190,(958) 634-4390,New York
Sarah Johnson,Tech Solutions Co.,Product Designer,Design,Manager,sarah87@innovate.com,(566) 772-5437,(360) 214-2867,San Francisco
Sarah Johnson,Innovate Inc.,Managing Partner,IT,Individual Contributor,sarah77@globaldynamics.com,(348) 441-4440,(244) 737-9178,New York
Sarah Johnson,Global Dynamics,Managing Partner,IT,Manager,sarah55@globaldynamics.com,(237) 157-4701,(820) 343-9443,Austin
Michael Brown,"Ace Parking Management, Inc.",Managing Partner,Design,Manager,michael24@brightfuture.com,(805) 873-6634,(897) 156-3846,New York
John Smith,Tech Solutions Co.,Product Designer,Data Science,Individual Contributor,john29@globaldynamics.com,(817) 542-8746,(732) 426-7065,New York
John Smith,Tech Solutions Co.,Data Analyst,Design,Individual Contributor,john85@techsolutions.com,(616) 460-1843,(878) 642-1205,San Diego
John Smith,Bright Future Ltd.,Project Manager,IT,C-Level,john8@innovate.com,(580) 997-5353,(877) 975-9936,Los Angeles
Emily Davis,Global Dynamics,Managing Partner,General Management,C-Level,emily21@techsolutions.com,(623) 940-2320,(247) 873-1493,New York
Michael Brown,Tech Solutions Co.,Product Designer,Design,Individual Contributor,michael84@brightfuture.com,(754) 301-4029,(291) 688-6146,Los Angeles
Michael Brown,Innovate Inc.,Project Manager,IT,Individual Contributor,michael79@techsolutions.com,(513) 425-2646,(627) 486-7948,San Diego
Michael Brown,Global Dynamics,Managing Partner,Data Science,Individual Contributor,michael78@techsolutions.com,(530) 130-6229,(286) 521-7665,Austin
Sarah Johnson,Bright Future Ltd.,Project Manager,IT,Manager,sarah11@aceparking.com,(859) 534-3489,(214) 228-9571,New York
Keith Jones,Global Dynamics,Data Analyst,General Management,C-Level,keith83@techsolutions.com,(252) 188-6135,(496) 886-8557,Los Angeles
Keith Jones,Global Dynamics,Product Designer,General Management,Manager,keith91@globaldynamics.com,(676) 913-6305,(432) 566-2517,Austin
Michael Brown,Tech Solutions Co.,Data Analyst,Operations,Manager,michael8@globaldynamics.com,(798) 103-6306,(340) 772-8619,New York
John Smith,Bright Future Ltd.,Software Engineer,Data Science,C-Level,john89@globaldynamics.com,(423) 855-6880,(739) 565-8966,San Francisco
Keith Jones,Global Dynamics,Project Manager,General Management,Individual Contributor,keith70@brightfuture.com,(592) 125-8299,(636) 118-5541,San Diego
John Smith,Tech Solutions Co.,Software Engineer,Operations,Individual Contributor,john94@techsolutions.com,(847) 143-1796,(930) 660-3652,Austin
John Smith,Bright Future Ltd.,Product Designer,IT,Individual Contributor,john92@aceparking.com,(743) 832-9999,(694) 173-2822,New York
Michael Brown,"Ace Parking Management, Inc.",Data Analyst,Design,Individual Contributor,michael11@techsolutions.com,(961) 495-7519,(868) 478-4433,New York
Michael Brown,Tech Solutions Co.,Software Engineer,Design,Manager,michael58@techsolutions.com,(494) 357-4227,(633) 121-5477,San Francisco
Keith Jones,Global Dynamics,Software Engineer,Operations,Manager,keith62@innovate.com,(953) 397-9118,(569) 684-5238,San Diego
John Smith,Global Dynamics,Managing Partner,General Management,Manager,john97@globaldynamics.com,(743) 687-1323,(553) 632-5976,San Diego
Michael Brown,Innovate Inc.,Project Manager,Operations,Manager,michael65@aceparking.com,(698) 263-8616,(855) 654-6788,Los Angeles
John Smith,Tech Solutions Co.,Data Analyst,IT,Individual Contributor,john97@globaldynamics.com,(621) 259-5737,(526) 436-4199,New York
Michael Brown,Innovate Inc.,Data Analyst,Design,C-Level,michael99@brightfuture.com,(312) 199-7746,(720) 937-6700,San Francisco
Michael Brown,Bright Future Ltd.,Managing Partner,Data Science,Manager,michael64@aceparking.com,(549) 385-4298,(347) 756-7111,San Diego
Emily Davis,Innovate Inc.,Project Manager,Data Science,Manager,emily31@brightfuture.com,(318) 957-6166,(999) 422-4252,Los Angeles
John Smith,Tech Solutions Co.,Managing Partner,Operations,Individual Contributor,john4@globaldynamics.com,(332) 488-4771,(881) 211-6988,San Diego
Sarah Johnson,Global Dynamics,Software Engineer,Data Science,Manager,sarah2@innovate.com,(926) 411-7610,(712) 501-8604,San Diego
John Smith,Global Dynamics,Product Designer,Operations,Manager,john99@brightfuture.com,(861) 493-1587,(435) 765-2783,Austin
Emily Davis,Tech Solutions Co.,Data Analyst,Operations,Individual Contributor,emily8@globaldynamics.com,(893) 808-2632,(227) 208-7905,Austin
Sarah Johnson,Bright Future Ltd.,Project Manager,General Management,Manager,sarah28@brightfuture.com,(915) 694-9859,(601) 319-6943,San Francisco
Emily Davis,Innovate Inc.,Software Engineer,Operations,Manager,emily29@globaldynamics.com,(281) 227-1206,(706) 666-7507,San Francisco
Sarah Johnson,Bright Future Ltd.,Managing Partner,Operations,C-Level,sarah69@globaldynamics.com,(810) 225-4667,(796) 266-9938,Austin
Michael Brown,"Ace Parking Management, Inc.",Managing Partner,Design,Manager,michael66@innovate.com,(564) 948-1945,(551) 817-8341,San Francisco
Michael Brown,Global Dynamics,Project Manager,Design,Manager,michael64@innovate.com,(788) 585-9346,(384) 771-9734,New York
Emily Davis,Innovate Inc.,Project Manager,Data Science,Manager,emily18@innovate.com,(467) 318-7541,(406) 337-9373,San Francisco
Michael Brown,Bright Future Ltd.,Project Manager,Design,Individual Contributor,michael24@brightfuture.com,(242) 710-2782,(943) 625-2914,San Francisco
Keith Jones,Bright Future Ltd.,Product Designer,Data Science,Manager,keith15@brightfuture.com,(681) 333-3174,(449) 599-6678,New York
Emily Davis,Innovate Inc.,Product Designer,Design,Individual Contributor,emily66@aceparking.com,(745) 814-6632,(964) 590-1310,Austin
Keith Jones,Innovate Inc.,Data Analyst,IT,Individual Contributor,keith49@brightfuture.com,(396) 201-8897,(478) 945-8562,San Francisco
Keith Jones,Bright Future Ltd.,Product Designer,IT,Manager,keith16@aceparking.com,(701) 696-1096,(281) 383-1017,San Francisco
Emily Davis,Global Dynamics,Managing Partner,Data Science,C-Level,emily38@aceparking.com,(891) 128-4117,(399) 949-5287,San Francisco
Keith Jones,Global Dynamics,Managing Partner,Operations,Individual Contributor,keith69@brightfuture.com,(762) 448-1514,(827) 121-7686,San Diego
Michael Brown,Global Dynamics,Data Analyst,Design,Manager,michael1@innovate.com,(321) 901-5849,(914) 748-2328,Austin
Keith Jones,Global Dynamics,Managing Partner,Data Science,C-Level,keith70@aceparking.com,(818) 526-5529,(569) 184-3503,San Francisco
Keith Jones,Tech Solutions Co.,Data Analyst,Data Science,Individual Contributor,keith33@techsolutions.com,(800) 276-3261,(392) 852-1340,Austin
John Smith,Bright Future Ltd.,Managing Partner,General Management,Manager,john52@innovate.com,(637) 321-6943,(345) 948-9728,San Francisco
Michael Brown,Tech Solutions Co.,Software Engineer,IT,Manager,michael81@innovate.com,(545) 577-4639,(221) 424-8093,Austin
Emily Davis,Bright Future Ltd.,Managing Partner,Design,Manager,emily30@globaldynamics.com,(435) 666-9015,(462) 415-8749,New York
Emily Davis,"Ace Parking Management, Inc.",Software Engineer,Operations,C-Level,emily81@brightfuture.com,(311) 872-3791,(866) 115-3756,San Diego
Keith Jones,Innovate Inc.,Product Designer,General Management,Individual Contributor,keith5@globaldynamics.com,(382) 144-1655,(772) 626-3326,San Francisco
Emily Davis,Tech Solutions Co.,Data Analyst,General Management,Manager,emily85@techsolutions.com,(869) 134-5718,(614) 123-5878,Austin
Sarah Johnson,Global Dynamics,Software Engineer,IT,C-Level,sarah78@brightfuture.com,(804) 381-8464,(403) 391-1786,New York
Keith Jones,Global Dynamics,Project Manager,Operations,Individual Contributor,keith6@techsolutions.com,(325) 491-4975,(511) 730-4129,San Diego
Keith Jones,Global Dynamics,Managing Partner,General Management,Individual Contributor,keith92@brightfuture.com,(219) 143-8355,(540) 220-6092,New York
Sarah Johnson,Bright Future Ltd.,Data Analyst,General Management,Manager,sarah12@globaldynamics.com,(807) 793-3734,(693) 798-1410,San Diego
Sarah Johnson,Innovate Inc.,Product Designer,General Management,Manager,sarah78@innovate.com,(433) 967-6314,(996) 104-6277,Los Angeles
Keith Jones,"Ace Parking Management, Inc.",Data Analyst,IT,Individual Contributor,keith20@innovate.com,(782) 337-7753,(894) 999-2899,Los Angeles
Sarah Johnson,"Ace Parking Management, Inc.",Data Analyst,Design,C-Level,sarah61@globaldynamics.com,(759) 293-8294,(437) 998-4620,San Francisco
Keith Jones,Innovate Inc.,Software Engineer,IT,C-Level,keith50@aceparking.com,(459) 668-3126,(306) 930-7126,Austin
Michael Brown,Innovate Inc.,Product Designer,IT,Individual Contributor,michael34@aceparking.com,(657) 553-7065,(586) 172-6573,San Diego
John Smith,Innovate Inc.,Project Manager,Operations,C-Level,john23@brightfuture.com,(213) 732-1486,(646) 269-2946,Los Angeles
John Smith,Innovate Inc.,Product Designer,Operations,Individual Contributor,john76@innovate.com,(294) 204-3353,(307) 469-5877,San Francisco
Keith Jones,Tech Solutions Co.,Data Analyst,Design,Individual Contributor,keith54@techsolutions.com,(795) 709-4158,(366) 703-7451,San Francisco
Sarah Johnson,Tech Solutions Co.,Software Engineer,Operations,C-Level,sarah40@innovate.com,(470) 358-2782,(475) 763-6491,Los Angeles
John Smith,Innovate Inc.,Product Designer,Operations,Manager,john54@aceparking.com,(376) 406-6632,(918) 641-1151,San Francisco
Keith Jones,Bright Future Ltd.,Product Designer,Data Science,Individual Contributor,keith30@techsolutions.com,(551) 146-9300,(950) 471-1083,New York
Michael Brown,"Ace Parking Management, Inc.",Managing Partner,Data Science,Individual Contributor,michael61@globaldynamics.com,(994) 244-2692,(655) 479-3001,Austin
Keith Jones,Innovate Inc.,Data Analyst,Data Science,Manager,keith100@globaldynamics.com,(895) 849-2852,(696) 307-1088,Austin
Sarah Johnson,Global Dynamics,Project Manager,General Management,C-Level,sarah68@brightfuture.com,(380) 602-7630,(462) 542-9256,New York
John Smith,Global Dynamics,Project Manager,Data Science,Manager,john17@globaldynamics.com,(420) 356-5366,(510) 852-7047,San Francisco
Keith Jones,Global Dynamics,Software Engineer,Data Science,Manager,keith70@brightfuture.com,(678) 663-5534,(863) 516-4175,Austin
Keith Jones,Innovate Inc.,Data Analyst,Data Science,Individual Contributor,keith62@globaldynamics.com,(929) 639-8038,(337) 828-4307,San Diego
Emily Davis,Bright Future Ltd.,Software Engineer,Design,Manager,emily24@innovate.com,(449) 665-3632,(330) 712-9909,Austin
Emily Davis,Global Dynamics,Product Designer,Design,C-Level,emily54@techsolutions.com,(202) 418-6016,(918) 598-3837,San Francisco
Emily Davis,"Ace Parking Management, Inc.",Product Designer,Design,Individual Contributor,emily73@aceparking.com,(707) 105-8499,(642) 218-2435,Los Angeles
Emily Davis,Bright Future Ltd.,Software Engineer,Design,Manager,emily1@brightfuture.com,(908) 553-7603,(771) 233-5601,Austin
John Smith,Innovate Inc.,Software Engineer,Operations,C-Level,john55@brightfuture.com,(351) 184-3033,(657) 683-3313,New York
Michael Brown,Global Dynamics,Managing Partner,Data Science,Manager,michael88@innovate.com,(431) 382-7534,(989) 822-4882,San Francisco
John Smith,Global Dynamics,Project Manager,General Management,Individual Contributor,john87@globaldynamics.com,(742) 107-6766,(552) 867-1067,San Diego
Emily Davis,Bright Future Ltd.,Data Analyst,Data Science,Individual Contributor,emily15@aceparking.com,(908) 657-7961,(944) 872-5682,San Francisco
Michael Brown,Bright Future Ltd.,Managing Partner,General Management,Manager,michael20@aceparking.com,(485) 967-1119,(367) 753-2524,San Diego
Emily Davis,Bright Future Ltd.,Data Analyst,General Management,C-Level,emily35@aceparking.com,(435) 756-7458,(782) 579-1116,Los Angeles
Keith Jones,"Ace Parking Management, Inc.",Data Analyst,Operations,Manager,keith42@innovate.com,(833) 345-9665,(654) 588-6591,San Diego
John Smith,Global Dynamics,Data Analyst,Design,C-Level,john21@innovate.com,(476) 942-7777,(235) 379-9611,New York
Emily Davis,Global Dynamics,Data Analyst,IT,Individual Contributor,emily78@globaldynamics.com,(346) 168-3046,(780) 374-2951,San Francisco
Michael Brown,"Ace Parking Management, Inc.",Software Engineer,Design,Individual Contributor,michael61@innovate.com,(792) 349-3290,(632) 721-9254,New York
Sarah Johnson,"Ace Parking Management, Inc.",Managing Partner,IT,C-Level,sarah77@globaldynamics.com,(762) 973-7759,(867) 262-3504,Austin
Sarah Johnson,Tech Solutions Co.,Product Designer,Data Science,Manager,sarah6@brightfuture.com,(289) 632-5501,(595) 616-7514,San Diego
Michael Brown,Global Dynamics,Software Engineer,Design,Manager,michael26@techsolutions.com,(977) 169-1406,(798) 624-2408,New York
Emily Davis,Innovate Inc.,Software Engineer,Data Science,Individual Contributor,emily84@aceparking.com,(757) 852-3964,(556) 929-1689,Los Angeles
Michael Brown,Innovate Inc.,Product Designer,General Management,Manager,michael76@aceparking.com,(499) 260-3687,(502) 210-1316,New York
John Smith,Global Dynamics,Product Designer,General Management,Individual Contributor,john30@aceparking.com,(376) 925-5655,(618) 265-4601,San Francisco
Michael Brown,"Ace Parking Management, Inc.",Managing Partner,General Management,C-Level,michael75@innovate.com,(539) 845-9255,(627) 157-1408,Austin
Sarah Johnson,Tech Solutions Co.,Product Designer,Design,Manager,sarah24@techsolutions.com,(438) 557-6328,(733) 334-6100,San Francisco
John Smith,Tech Solutions Co.,Managing Partner,Data Science,C-Level,john36@globaldynamics.com,(501) 122-3754,(317) 755-7603,San Francisco
John Smith,Tech Solutions Co.,Product Designer,General Management,C-Level,john2@techsolutions.com,(396) 670-4289,(524) 709-7711,New York
John Smith,Tech Solutions Co.,Project Manager,Design,Individual Contributor,john38@globaldynamics.com,(723) 187-4424,(268) 618-5446,Los Angeles
Emily Davis,Bright Future Ltd.,Project Manager,Operations,Individual Contributor,emily98@aceparking.com,(920) 353-1717,(200) 482-2164,Los Angeles
Michael Brown,"Ace Parking Management, Inc.",Product Designer,Data Science,Individual Contributor,michael42@innovate.com,(989) 684-3647,(749) 647-2888,Los Angeles
Michael Brown,Global Dynamics,Project Manager,Operations,Individual Contributor,michael79@globaldynamics.com,(667) 110-3827,(778) 258-4154,San Diego
Sarah Johnson,"Ace Parking Management, Inc.",Project Manager,Operations,C-Level,sarah87@techsolutions.com,(321) 329-5940,(981) 366-4050,New York
Emily Davis,Innovate Inc.,Project Manager,General Management,Manager,emily44@techsolutions.com,(510) 197-5843,(200) 505-8627,San Francisco
Emily Davis,"Ace Parking Management, Inc.",Data Analyst,Data Science,Manager,emily6@innovate.com,(593) 128-7432,(658) 898-7810,Austin
Emily Davis,Global Dynamics,Software Engineer,General Management,C-Level,emily20@brightfuture.com,(613) 970-8593,(426) 819-6994,Austin
Keith Jones,Innovate Inc.,Project Manager,Data Science,C-Level,keith84@innovate.com,(347) 967-9097,(428) 450-8447,Austin
Sarah Johnson,Tech Solutions Co.,Product Designer,General Management,Manager,sarah8@brightfuture.com,(935) 321-7804,(804) 840-1625,San Francisco
Michael Brown,Global Dynamics,Project Manager,IT,C-Level,michael98@brightfuture.com,(883) 751-1333,(434) 849-6989,San Diego
Keith Jones,Innovate Inc.,Data Analyst,Data Science,Manager,keith82@aceparking.com,(402) 357-3852,(416) 647-7490,San Francisco
John Smith,Innovate Inc.,Managing Partner,Operations,Manager,john54@aceparking.com,(403) 690-6068,(585) 261-8765,Austin
Sarah Johnson,Bright Future Ltd.,Product Designer,Operations,Manager,sarah42@techsolutions.com,(728) 727-9109,(265) 250-5899,New York
Emily Davis,Tech Solutions Co.,Software Engineer,Data Science,C-Level,emily4@innovate.com,(927) 631-6504,(332) 728-7405,Los Angeles
Emily Davis,Tech Solutions Co.,Product Designer,Data Science,C-Level,emily60@globaldynamics.com,(350) 750-6996,(297) 592-8291,New York
Keith Jones,Global Dynamics,Data Analyst,Design,C-Level,keith14@innovate.com,(221) 137-2160,(387) 240-2856,San Francisco
Michael Brown,Tech Solutions Co.,Software Engineer,General Management,Manager,michael32@brightfuture.com,(537) 206-9496,(236) 724-8689,Los Angeles
Emily Davis,Innovate Inc.,Project Manager,IT,Manager,emily58@brightfuture.com,(588) 266-5314,(382) 770-5260,Los Angeles
Keith Jones,Bright Future Ltd.,Managing Partner,General Management,C-Level,keith32@brightfuture.com,(675) 586-6243,(908) 709-3680,San Diego
John Smith,Global Dynamics,Project Manager,Data Science,C-Level,john71@techsolutions.com,(204) 621-1622,(844) 744-2642,New York
Emily Davis,Tech Solutions Co.,Software Engineer,Design,Manager,emily38@innovate.com,(528) 729-5285,(898) 266-7142,New York
Keith Jones,Bright Future Ltd.,Project Manager,General Management,C-Level,keith26@aceparking.com,(708) 713-3193,(632) 975-5287,San Francisco
Emily Davis,"Ace Parking Management, Inc.",Data Analyst,Operations,Manager,emily78@globaldynamics.com,(734) 398-7240,(527) 781-5505,Los Angeles
Emily Davis,Tech Solutions Co.,Project Manager,Operations,Manager,emily71@brightfuture.com,(648) 256-3177,(918) 727-6460,New York
Emily Davis,Bright Future Ltd.,Data Analyst,General Management,Manager,emily98@globaldynamics.com,(781) 238-6922,(783) 832-8758,Austin
Michael Brown,"Ace Parking Management, Inc.",Data Analyst,General Management,Individual Contributor,michael9@techsolutions.com,(741) 678-1932,(913) 513-8334,Los Angeles
Emily Davis,"Ace Parking Management, Inc.",Project Manager,IT,Individual Contributor,emily26@innovate.com,(813) 899-1078,(457) 761-3664,Austin
Sarah Johnson,Global Dynamics,Managing Partner,General Management,Manager,sarah42@innovate.com,(996) 255-3884,(646) 293-8429,Austin
Emily Davis,Tech Solutions Co.,Software Engineer,IT,Individual Contributor,emily68@globaldynamics.com,(785) 552-3947,(483) 354-3029,San Francisco
Emily Davis,Bright Future Ltd.,Software Engineer,IT,C-Level,emily25@globaldynamics.com,(262) 649-7448,(592) 638-2492,San Diego
Michael Brown,Global Dynamics,Data Analyst,Data Science,Individual Contributor,michael74@innovate.com,(493) 630-2223,(628) 654-4554,Austin
Sarah Johnson,"Ace Parking Management, Inc.",Software Engineer,Design,C-Level,sarah3@innovate.com,(943) 536-4366,(705) 938-1449,Austin
John Smith,Innovate Inc.,Data Analyst,Design,C-Level,john18@globaldynamics.com,(376) 975-1011,(688) 343-3848,San Diego
Keith Jones,Bright Future Ltd.,Project Manager,Design,C-Level,keith13@innovate.com,(688) 781-2737,(365) 708-5357,Austin
Emily Davis,Tech Solutions Co.,Product Designer,Data Science,C-Level,emily82@brightfuture.com,(414) 843-9495,(907) 837-3338,Los Angeles
John Smith,Global Dynamics,Data Analyst,Data Science,Manager,john5@globaldynamics.com,(730) 705-7665,(442) 626-2456,New York
Keith Jones,Bright Future Ltd.,Project Manager,Operations,Manager,keith43@brightfuture.com,(269) 407-1158,(653) 956-8198,New York
Michael Brown,Global Dynamics,Product Designer,IT,C-Level,michael65@brightfuture.com,(804) 612-5874,(885) 854-2486,San Francisco
Keith Jones,Tech Solutions Co.,Data Analyst,Design,Manager,keith63@innovate.com,(241) 787-9000,(470) 657-2182,Austin
Emily Davis,"Ace Parking Management, Inc.",Data Analyst,Data Science,C-Level,emily20@brightfuture.com,(411) 182-2028,(310) 171-6661,San Diego
Sarah Johnson,Tech Solutions Co.,Project Manager,IT,C-Level,sarah15@brightfuture.com,(927) 868-7042,(293) 836-7016,San Francisco
Emily Davis,Bright Future Ltd.,Software Engineer,Operations,Manager,emily61@innovate.com,(769) 858-5249,(420) 367-8104,San Diego
Keith Jones,"Ace Parking Management, Inc.",Project Manager,Design,Manager,keith85@globaldynamics.com,(955) 695-4057,(445) 359-9233,San Francisco
Keith Jones,Bright Future Ltd.,Product Designer,Design,C-Level,keith87@aceparking.com,(224) 116-6584,(597) 666-4773,Los Angeles
John Smith,Global Dynamics,Project Manager,Design,Individual Contributor,john70@innovate.com,(919) 993-6569,(271) 484-1320,New York
Keith Jones,Tech Solutions Co.,Project Manager,IT,Individual Contributor,keith40@brightfuture.com,(254) 408-4742,(399) 909-7324,Austin
Keith Jones,Global Dynamics,Managing Partner,Design,C-Level,keith28@techsolutions.com,(321) 497-9715,(769) 626-7252,Los Angeles
Sarah Johnson,"Ace Parking Management, Inc.",Software Engineer,Design,Individual Contributor,sarah69@brightfuture.com,(590) 963-6411,(903) 135-2289,San Diego
Michael Brown,Global Dynamics,Software Engineer,Design,Manager,michael52@globaldynamics.com,(513) 325-4447,(484) 650-5264,New York
Sarah Johnson,"Ace Parking Management, Inc.",Project Manager,Operations,Individual Contributor,sarah49@globaldynamics.com,(884) 774-6221,(651) 427-4858,Austin
Michael Brown,Bright Future Ltd.,Project Manager,Design,Individual Contributor,michael28@techsolutions.com,(873) 229-7310,(413) 447-6978,San Diego
Keith Jones,Tech Solutions Co.,Product Designer,General Management,Manager,keith21@brightfuture.com,(911) 363-4906,(778) 682-7779,Los Angeles
John Smith,"Ace Parking Management, Inc.",Project Manager,General Management,Individual Contributor,john18@globaldynamics.com,(270) 936-3353,(905) 789-7069,San Diego
Sarah Johnson,Global Dynamics,Software Engineer,Data Science,Individual Contributor,sarah55@aceparking.com,(221) 133-2395,(317) 302-1879,Austin
Sarah Johnson,Tech Solutions Co.,Product Designer,General Management,Manager,sarah69@techsolutions.com,(983) 129-7267,(284) 634-5474,New York
Emily Davis,Bright Future Ltd.,Managing Partner,Operations,Individual Contributor,emily48@brightfuture.com,(641) 336-5587,(776) 137-6100,Los Angeles
Keith Jones,Bright Future Ltd.,Managing Partner,Design,Individual Contributor,keith27@innovate.com,(824) 157-5995,(865) 743-9184,New York
Michael Brown,Bright Future Ltd.,Data Analyst,IT,Individual Contributor,michael16@globaldynamics.com,(696) 908-2032,(203) 966-8883,San Diego
Keith Jones,"Ace Parking Management, Inc.",Project Manager,General Management,Manager,keith24@globaldynamics.com,(778) 452-8321,(353) 424-7272,New York
Sarah Johnson,Bright Future Ltd.,Managing Partner,Data Science,Individual Contributor,sarah53@globaldynamics.com,(872) 142-4399,(640) 669-6510,Los Angeles
Michael Brown,Global Dynamics,Data Analyst,Operations,Individual Contributor,michael62@brightfuture.com,(673) 634-7189,(523) 357-9354,New York
Michael Brown,"Ace Parking Management, Inc.",Project Manager,Operations,Manager,michael29@aceparking.com,(403) 408-5254,(446) 786-7532,Los Angeles
Sarah Johnson,Bright Future Ltd.,Data Analyst,General Management,C-Level,sarah78@techsolutions.com,(984) 595-1458,(214) 371-3832,New York
John Smith,"Ace Parking Management, Inc.",Managing Partner,Operations,Manager,john2@globaldynamics.com,(607) 576-4002,(519) 446-1912,Austin
Michael Brown,Bright Future Ltd.,Data Analyst,Data Science,Individual Contributor,michael78@innovate.com,(866) 340-6868,(843) 236-9570,San Francisco
Sarah Johnson,Innovate Inc.,Managing Partner,Design,Individual Contributor,sarah59@techsolutions.com,(941) 233-1990,(430) 729-7295,San Francisco
John Smith,Global Dynamics,Project Manager,General Management,Manager,john92@globaldynamics.com,(953) 436-1971,(459) 336-1012,Austin
Sarah Johnson,Tech Solutions Co.,Product Designer,Data Science,C-Level,sarah35@innovate.com,(952) 707-4684,(995) 349-9787,New York
Emily Davis,Tech Solutions Co.,Data Analyst,General Management,C-Level,emily94@innovate.com,(489) 282-9339,(445) 868-1474,Austin
Michael Brown,"Ace Parking Management, Inc.",Software Engineer,IT,Manager,michael9@aceparking.com,(337) 493-9643,(468) 442-4257,Los Angeles
Emily Davis,Innovate Inc.,Data Analyst,General Management,Individual Contributor,emily46@innovate.com,(576) 506-1949,(421) 839-3272,San Francisco
Michael Brown,Tech Solutions Co.,Managing Partner,Design,Manager,michael31@techsolutions.com,(608) 479-3060,(464) 321-4870,New York
Emily Davis,"Ace Parking Management, Inc.",Software Engineer,Operations,Manager,emily2@aceparking.com,(450) 877-5009,(385) 367-8521,Los Angeles
John Smith,Tech Solutions Co.,Product Designer,Operations,Manager,john9@brightfuture.com,(618) 369-1412,(923) 790-4639,New York
John Smith,Global Dynamics,Software Engineer,Data Science,C-Level,john80@globaldynamics.com,(648) 159-1226,(953) 517-3361,New York
John Smith,Innovate Inc.,Data Analyst,General Management,C-Level,john73@globaldynamics.com,(606) 203-1203,(222) 562-7538,New York
Keith Jones,Global Dynamics,Data Analyst,Operations,Individual Contributor,keith59@globaldynamics.com,(794) 262-8067,(453) 935-4495,San Francisco
Michael Brown,Bright Future Ltd.,Data Analyst,Data Science,Manager,michael78@brightfuture.com,(432) 920-4462,(613) 355-7279,San Francisco
Keith Jones,Bright Future Ltd.,Product Designer,General Management,Manager,keith79@techsolutions.com,(679) 215-1210,(722) 179-7990,Los Angeles
John Smith,Innovate Inc.,Software Engineer,General Management,C-Level,john21@globaldynamics.com,(424) 603-2510,(770) 249-8138,San Diego
Emily Davis,Bright Future Ltd.,Project Manager,Operations,Individual Contributor,emily27@aceparking.com,(778) 665-8049,(366) 224-3710,New York
Emily Davis,Innovate Inc.,Project Manager,Data Science,C-Level,emily64@innovate.com,(864) 567-9615,(428) 936-8973,Austin
Emily Davis,Bright Future Ltd.,Data Analyst,IT,Manager,emily42@aceparking.com,(374) 490-8925,(443) 590-2367,Los Angeles
Emily Davis,Innovate Inc.,Product Designer,IT,C-Level,emily87@globaldynamics.com,(529) 572-2380,(249) 525-1546,New York
Keith Jones,Tech Solutions Co.,Product Designer,Design,C-Level,keith13@globaldynamics.com,(422) 242-2922,(553) 189-3364,New York
Keith Jones,Innovate Inc.,Project Manager,General Management,Manager,keith8@aceparking.com,(907) 355-1759,(625) 335-8161,San Francisco
Michael Brown,"Ace Parking Management, Inc.",Managing Partner,IT,Individual Contributor,michael45@aceparking.com,(580) 795-2293,(804) 120-2362,San Francisco
Keith Jones,Innovate Inc.,Software Engineer,General Management,C-Level,keith65@techsolutions.com,(408) 336-1176,(912) 194-9507,Austin
John Smith,Tech Solutions Co.,Data Analyst,IT,Manager,john79@globaldynamics.com,(868) 701-3352,(866) 285-5141,San Diego
Michael Brown,Innovate Inc.,Data Analyst,Operations,C-Level,michael47@brightfuture.com,(490) 220-8185,(660) 956-4143,Los Angeles
Emily Davis,Bright Future Ltd.,Product Designer,General Management,Individual Contributor,emily1@techsolutions.com,(552) 365-9496,(531) 491-4101,New York
Sarah Johnson,Tech Solutions Co.,Software Engineer,Operations,C-Level,sarah96@globaldynamics.com,(646) 377-8218,(309) 174-8292,San Francisco
John Smith,Global Dynamics,Software Engineer,General Management,Individual Contributor,john44@brightfuture.com,(770) 114-1567,(258) 451-2473,New York
Michael Brown,Bright Future Ltd.,Data Analyst,Data Science,Manager,michael79@techsolutions.com,(954) 325-2517,(366) 788-8756,San Diego
Michael Brown,Tech Solutions Co.,Managing Partner,General Management,Manager,michael71@techsolutions.com,(227) 508-4775,(623) 281-9216,Los Angeles
Keith Jones,Tech Solutions Co.,Product Designer,Data Science,C-Level,keith23@innovate.com,(758) 492-2160,(202) 417-3881,New York
Sarah Johnson,Innovate Inc.,Software Engineer,Design,Manager,sarah88@innovate.com,(365) 453-2915,(923) 152-2947,San Diego
Emily Davis,Bright Future Ltd.,Product Designer,Operations,C-Level,emily34@aceparking.com,(316) 513-6058,(949) 307-8384,San Diego
Sarah Johnson,Innovate Inc.,Managing Partner,Design,Manager,sarah53@globaldynamics.com,(638) 716-9394,(934) 237-1538,San Francisco
Sarah Johnson,Innovate Inc.,Project Manager,IT,Individual Contributor,sarah71@brightfuture.com,(459) 414-4002,(667) 769-5409,New York
Sarah Johnson,Bright Future Ltd.,Product Designer,IT,C-Level,sarah28@aceparking.com,(810) 543-2837,(860) 637-8838,Austin
John Smith,Tech Solutions Co.,Product Designer,Data Science,Individual Contributor,john41@brightfuture.com,(951) 970-8739,(202) 903-9064,New York
John Smith,Innovate Inc.,Project Manager,General Management,C-Level,john82@innovate.com,(499) 848-4314,(814) 133-2873,New York
Keith Jones,Innovate Inc.,Data Analyst,Design,Manager,keith77@aceparking.com,(939) 789-3137,(510) 952-2059,Los Angeles
Michael Brown,Bright Future Ltd.,Managing Partner,Operations,C-Level,michael3@aceparking.com,(493) 308-6320,(355) 499-1719,Austin
John Smith,Bright Future Ltd.,Managing Partner,IT,C-Level,john81@techsolutions.com,(557) 899-6101,(470) 983-6276,New York
Michael Brown,Tech Solutions Co.,Product Designer,IT,Manager,michael56@aceparking.com,(321) 983-3237,(633) 335-4420,San Diego
Michael Brown,Bright Future Ltd.,Product Designer,Design,Individual Contributor,michael54@aceparking.com,(788) 760-2795,(740) 328-5394,San Francisco
John Smith,Global Dynamics,Data Analyst,Design,Manager,john48@brightfuture.com,(503) 603-1637,(519) 662-5640,San Diego
John Smith,Bright Future Ltd.,Managing Partner,IT,C-Level,john93@techsolutions.com,(958) 229-7663,(400) 996-9945,Los Angeles
John Smith,Tech Solutions Co.,Project Manager,Data Science,Manager,john23@aceparking.com,(972) 586-8928,(925) 929-9473,New York
Emily Davis,Global Dynamics,Managing Partner,Data Science,Manager,emily55@techsolutions.com,(685) 411-4358,(861) 904-4082,San Diego
Emily Davis,Tech Solutions Co.,Data Analyst,Operations,C-Level,emily85@aceparking.com,(386) 490-4677,(950) 326-8714,Austin
John Smith,Global Dynamics,Software Engineer,IT,Individual Contributor,john1@brightfuture.com,(670) 402-2051,(912) 817-6148,San Francisco
Emily Davis,Global Dynamics,Data Analyst,Data Science,C-Level,emily39@techsolutions.com,(867) 150-1093,(339) 526-1556,San Francisco
John Smith,Tech Solutions Co.,Product Designer,Operations,Individual Contributor,john95@innovate.com,(339) 126-4768,(467) 740-2549,Austin
Keith Jones,Tech Solutions Co.,Data Analyst,Operations,Manager,keith89@globaldynamics.com,(498) 127-9970,(834) 397-4267,Austin
Keith Jones,"Ace Parking Management, Inc.",Project Manager,Operations,Individual Contributor,keith5@aceparking.com,(576) 346-2957,(792) 168-7894,San Francisco
Emily Davis,Tech Solutions Co.,Data Analyst,Design,Individual Contributor,emily9@innovate.com,(801) 650-8472,(868) 465-7258,Los Angeles
Emily Davis,Bright Future Ltd.,Project Manager,General Management,Individual Contributor,emily31@aceparking.com,(455) 651-7038,(699) 657-8198,San Francisco
Keith Jones,Tech Solutions Co.,Product Designer,Data Science,Manager,keith46@aceparking.com,(238) 212-8067,(698) 697-7455,Los Angeles
John Smith,"Ace Parking Management, Inc.",Project Manager,General Management,Manager,john76@innovate.com,(967) 815-2299,(231) 409-8585,New York
John Smith,Bright Future Ltd.,Project Manager,Design,Individual Contributor,john100@techsolutions.com,(982) 262-1637,(781) 164-3924,Austin
Keith Jones,Innovate Inc.,Project Manager,IT,C-Level,keith47@innovate.com,(989) 824-3464,(978) 847-5281,New York
Michael Brown,Tech Solutions Co.,Project Manager,General Management,C-Level,michael15@brightfuture.com,(994) 989-9495,(265) 308-3762,San Diego
John Smith,Tech Solutions Co.,Data Analyst,Design,Manager,john94@brightfuture.com,(836) 329-2011,(709) 918-1270,New York
Sarah Johnson,Bright Future Ltd.,Product Designer,General Management,C-Level,sarah6@globaldynamics.com,(541) 525-7332,(643) 933-4867,New York
Michael Brown,"Ace Parking Management, Inc.",Managing Partner,Operations,C-Level,michael35@innovate.com,(327) 313-9512,(934) 590-7851,New York
Emily Davis,Bright Future Ltd.,Data Analyst,Design,C-Level,emily42@brightfuture.com,(848) 328-6788,(284) 321-4592,Austin
Emily Davis,Global Dynamics,Data Analyst,General Management,Manager,emily91@innovate.com,(642) 571-5162,(277) 589-4126,San Diego
Emily Davis,"Ace Parking Management, Inc.",Project Manager,Operations,C-Level,emily83@globaldynamics.com,(787) 904-5339,(622) 430-6887,Los Angeles
Michael Brown,Global Dynamics,Software Engineer,General Management,Individual Contributor,michael90@aceparking.com,(999) 528-9227,(375) 639-5767,San Francisco
Keith Jones,Global Dynamics,Software Engineer,Operations,C-Level,keith92@globaldynamics.com,(643) 440-6572,(587) 292-8751,San Diego
Sarah Johnson,Innovate Inc.,Project Manager,Data Science,Individual Contributor,sarah47@brightfuture.com,(877) 406-6108,(550) 155-4219,San Diego
Michael Brown,"Ace Parking Management, Inc.",Product Designer,Data Science,Manager,michael23@innovate.com,(413) 978-4546,(212) 836-8236,New York
Keith Jones,Bright Future Ltd.,Data Analyst,IT,Individual Contributor,keith11@innovate.com,(459) 778-8053,(259) 904-9608,Austin
Michael Brown,Bright Future Ltd.,Managing Partner,IT,C-Level,michael7@innovate.com,(357) 798-3752,(826) 835-6834,New York
Michael Brown,Innovate Inc.,Software Engineer,Design,C-Level,michael10@innovate.com,(384) 258-4263,(835) 389-7322,San Diego
John Smith,Bright Future Ltd.,Data Analyst,IT,Manager,john61@globaldynamics.com,(385) 913-6521,(893) 688-8440,San Francisco
Emily Davis,Innovate Inc.,Product Designer,Design,Individual Contributor,emily5@innovate.com,(561) 925-4166,(585) 817-2222,San Diego
Michael Brown,Tech Solutions Co.,Software Engineer,General Management,C-Level,michael31@techsolutions.com,(360) 789-8655,(873) 551-7346,San Francisco
Emily Davis,Tech Solutions Co.,Project Manager,Operations,C-Level,emily68@globaldynamics.com,(979) 471-4252,(894) 510-8054,Austin
Emily Davis,Global Dynamics,Product Designer,Design,C-Level,emily49@techsolutions.com,(451) 655-6086,(809) 490-1280,New York
Michael Brown,Bright Future Ltd.,Managing Partner,Design,Individual Contributor,michael62@aceparking.com,(515) 943-8142,(259) 320-5533,Los Angeles
Sarah Johnson,Innovate Inc.,Product Designer,IT,Manager,sarah11@innovate.com,(681) 211-8461,(475) 103-7747,San Diego
Emily Davis,"Ace Parking Management, Inc.",Software Engineer,IT,Individual Contributor,emily69@aceparking.com,(690) 556-3051,(974) 302-2654,San Francisco
Michael Brown,Bright Future Ltd.,Product Designer,Design,Manager,michael12@techsolutions.com,(902) 245-2309,(946) 856-7018,San Diego
John Smith,Global Dynamics,Managing Partner,Design,C-Level,john43@aceparking.com,(787) 614-1086,(744) 296-2190,San Diego
Emily Davis,Tech Solutions Co.,Data Analyst,General Management,Individual Contributor,emily46@brightfuture.com,(957) 354-9196,(253) 202-6821,San Francisco
Sarah Johnson,Innovate Inc.,Software Engineer,Design,C-Level,sarah43@brightfuture.com,(910) 885-4521,(706) 994-3157,San Francisco
Sarah Johnson,Bright Future Ltd.,Product Designer,Design,Manager,sarah56@brightfuture.com,(454) 721-2101,(618) 967-8020,San Francisco
John Smith,Global Dynamics,Data Analyst,Design,C-Level,john31@techsolutions.com,(249) 892-6390,(975) 692-5380,San Diego
Michael Brown,Bright Future Ltd.,Software Engineer,General Management,C-Level,michael53@aceparking.com,(453) 119-3198,(872) 887-5001,San Francisco
Keith Jones,Innovate Inc.,Product Designer,IT,C-Level,keith4@techsolutions.com,(270) 166-5684,(917) 757-7417,Los Angeles
Sarah Johnson,Innovate Inc.,Data Analyst,General Management,C-Level,sarah64@innovate.com,(605) 111-2545,(968) 678-5979,Los Angeles
Michael Brown,Global Dynamics,Product Designer,IT,C-Level,michael88@techsolutions.com,(862) 189-3994,(647) 890-4755,New York
Keith Jones,Tech Solutions Co.,Software Engineer,IT,C-Level,keith10@aceparking.com,(904) 468-3038,(490) 976-9520,New York
Michael Brown,Global Dynamics,Product Designer,General Management,Individual Contributor,michael77@brightfuture.com,(986) 810-5392,(637) 666-8920,Los Angeles
Sarah Johnson,Global Dynamics,Project Manager,Operations,Individual Contributor,sarah13@techsolutions.com,(295) 486-1809,(569) 703-9906,Austin
Keith Jones,Tech Solutions Co.,Data Analyst,IT,Manager,keith56@globaldynamics.com,(396) 547-9318,(734) 389-5895,San Francisco
Michael Brown,Innovate Inc.,Product Designer,Design,Manager,michael31@globaldynamics.com,(333) 751-1891,(277) 551-3381,New York
Michael Brown,Global Dynamics,Project Manager,Design,C-Level,michael87@globaldynamics.com,(495) 351-9724,(829) 711-1628,San Francisco
Keith Jones,Innovate Inc.,Software Engineer,Data Science,Individual Contributor,keith25@techsolutions.com,(780) 182-5131,(673) 422-8380,Los Angeles
Emily Davis,Innovate Inc.,Data Analyst,General Management,C-Level,emily59@aceparking.com,(674) 254-8400,(646) 120-3227,San Diego
John Smith,Bright Future Ltd.,Project Manager,Data Science,Manager,john79@techsolutions.com,(986) 285-3197,(786) 451-5358,Austin
Keith Jones,Bright Future Ltd.,Managing Partner,General Management,Manager,keith3@globaldynamics.com,(958) 925-7050,(520) 337-5538,San Diego
Keith Jones,Global Dynamics,Product Designer,Design,Manager,keith44@globaldynamics.com,(973) 289-6196,(628) 930-7129,New York
Michael Brown,"Ace Parking Management, Inc.",Project Manager,General Management,Individual Contributor,michael27@brightfuture.com,(614) 547-6959,(604) 497-7285,Los Angeles
Sarah Johnson,"Ace Parking Management, Inc.",Product Designer,IT,C-Level,sarah6@innovate.com,(291) 782-8109,(456) 134-7306,New York
